resp_no,branch,profess,gender,educatio,loy1_1,loy2_1,loy3_1,loy4_1,loy5_1,loy6_1,val1_1,val2_1,val3_1,sat1_1,sat2_1,sat3_1,sav_1,loans_1,long_1,age_1,income_1,CLV
1,1, ,1,2,7,2,4,7,7,7,10,10,10,7,7,10,100,52.90401425,12,29,3,3280.389824
2,5,1,1,4,7,5,4,4.376470588,7,7,10,10,10,7,7,10,99,52.90401425,12,33,2,5874.40198
3,2, ,2,2,7,7,7,4,7,7,10,10,10,7,7,10,50,100,12,54,2,2924.975083
4,4,3,1,3,4,4,4,4,4,5,5,5,5,6,6,8,70,52.90401425,24,59,4,17229.878
7,5, ,2,1,7,4,4,5,6,7,10,10,10,7,7,10,100,1,16,39,2,3855.064448
8,2,2,1,2,7,3,2,3,7,7,9,9,9,6,5,9,100,52.90401425,60,45.13924051,2,3260.774444
9,1, ,2,2,5,4,4,4,7,6,5,5,7,2,5,3,100,100,15,24,3,4183.373362
10,3,2,2,2,7,5,2,4,7,7,9,9,10,7,5.811797753,8.184135977,64.94316832,1,36,59,2,2610.752219
11,4,1,1, ,5,2,4,3,2,3,6,6,6,4,4,7,70,35,12,29,3,4492.618039
14,4,3,1,2,4,4,4,3,1,1,1,2,1,6,6,10,5,52.90401425,78,42,5,5248.592663
21,2, , ,2,7,4,5,4,6,6,8,7,9,8,5.811797753,8.184135977,95,1,30,45.13924051,4,4570.832293
23, , ,1,4,7,4,3,6,7,6,10,10,10,7,7,10,100,20,2,29,3,3689.9851
30,4,1,2,4,6,5,5,4,6,7,8,9,10,7,7,10,50,52.90401425,12,30,2,3821.591095
31,5,2,2,3,7,2,5,1,7,7,10,8,8,6,6,8,100,52.90401425,36,45.13924051,3,4785.308149
32,4,3,1,2,3,1,1,4,3,4,2,8,5,3,3,5,100,52.90401425,36,35,3,5161.685713
33,3, ,1,3,6,2,3,6,6,6,8,6,8,5,5,8,15,50,80,37,3,2535.548854
34,4,3,1,3,4,4,4,4,4,4,10,7,8,6,6,8,100,100,24,45.13924051,2,3293.572746
35,5,2,2,1,6,3,5,4,7,6,9,9,2,6,8,10,100,4,1,67,1,2669.335238
41,1,1,2,3,7,6,4,5,7,7,8,8,9,7,7,9,99,20,78,53,3,4749.328843
43,4,3,1,3,5,5,5,5,6.070773263,5,8,8,9,6,6,9,64.94316832,52.90401425,31.20780142,44,4,2795.748168
44,4, ,2,4,5,4,4,4,4,5,6,6,6,6,6,9,25,25,24,59,4,3387.808264
45,1,2,1,4,6,4,2,4,4,5,4,8,5,1,1,7,100,52.90401425,72,72,1,2795.748168
46,4,1,2,4,5,2,7,2,6,4,10,10,9,7,7,10,80,52.90401425,31.20780142,45.13924051,2,2873.561586
47,3,2,2,1,4,4,4,4,6,5,5,5,5,3,2,6,100,100,24,37,2,4739.510488
49,4,1,1,5,7,6,6,6,7,7,10,10,10,7,7,10,10,52.90401425,28,53,2,6374.241661
52,2,1,2,3,7,4,4,4,7,7,8,10,10,10,7,10,100,52.90401425,36,53,2,2795.748168
56,6,1,2,4,5,3,2,2,5,4,6,6,6,3,2,5,10,52.90401425,24,40,4,3911.626048
57,4,3,1,3,7,5,5,1,7,4,7,7,7,6,5,9,5,75,36,49,4,11817.78771
58,5,2,1,4,7,4,7,1,7,7,10,10,10,7,7,10,100,5,36,70,3,3085.648936
59,2,3,1,2,6,4,5,4,7,6,7,7,7,2,2,7,30,52.90401425,12,39,3,4387.544712
62,1,1,2,2,5,5,5,3,6,5,9,9,9,6,6,9,100,52.90401425,48,45.13924051,3,2795.748168
63,5, ,1,2,4,4,4,4,5,5,5,6,6,3,3,5,100,52.90401425,31.20780142,71,1,7037.862835
67,3,1,2,4,5,4,4,4,6,4,6,6,6,3,3,5,70,52.90401425,16,42,3,9235.320869
69,4,3,1,3,6,5,5,5,6,6,7,8,8,6,5,8,5,50,78,54,4,3206.922805
72,3, ,1,3,2,1,1,6,3,5,6,6,7,1,1,3,64.94316832,75,36,60,4,2766.653703
75,1,3,2,3,3,1,1,1,1,1,3,3,3,5,6,7,50,52.90401425,78,20,1,2814.638262
76,4,1,1,4,7,4,3,4,7,7,10,10,10,7,7,10,100,52.90401425,24,34,3,6065.68739
83,4,3,2,1,4,4,4,4,6,4,5,6,5,3,5.811797753,8.184135977,64.94316832,52.90401425,31.20780142,22,5,3999.973141
95,3,1,2,4,7,4,4,4,7,7,9,9,9,7,7,10,40,52.90401425,30,62,5,2998.17365
105,4, ,2,2,7,3,5,4,7,7,10,10,10,7,7,10,64.94316832,10,12,48,3,7692.787786
106,5,1,1,4,6,4,4,4,6,6,8,7,7,5,5,7,100,50,24,45.13924051,3,10116.52261
108,4, ,2,3,7,4,2,5,4,5,7,8,8,6,6,8,60,5,36,40,5,13347.75471
110,5,1,2,4,6,4,1,6,7,7,10,10,10,6,6,9,20,5,12,58,3,5530.167992
112,1,1,1,4,6,4,4,5,6,6,8,8,8,8,8,8,20,52.90401425,24,52,3,2795.748168
113,4,1,2,4,5,5,5,3,3,4,8,8,4,5,8,10,10,5,10,47,2,2795.748168
114,5,1,2,4,5,1,1,3,4,4,4,5,5,4,4,5,25,10,78,50,4,8180.977083
121,5,2,2,3,5,5,6,5,6,5,9,9,9,6,6,9,50,52.90401425,2,62,2,2978.448022
123,6,3,1,1,1,1,1,1,1,1,1,4,1,7,7,10,100,25,36,24,4,4195.631025
131,3,3,1,3,7,4,4,3,5,6,10,8,9,7,7,10,80,52.90401425,12,50,1,2687.505771
132,2,2,2,4,7,5,4,5,6,6,10,10,9,9,5.811797753,8.184135977,4,52.90401425,20,59,4,5848.114144
134,3,1,1,4,7,4,2,4,6,6,8,7,9,6,6,9,64.94316832,100,12,45.13924051,3,22691.61482
138,3,1,2,4,7,4,4,4,7,7,8,10,9,7,7,10,15,52.90401425,120,45.13924051,5,7286.015103
139,4,3,1,5,2,4,2,4,5,6,7,8,8,5,5.811797753,8.184135977,20,10,30,61,3,2883.41905
140,3,2,1,4,6,5,5,3,5,4,8,6,6,3,2,4,6,52.90401425,24,70,3,12044.17838
141,1,2,1,4,7,1,3,3,5,5,10,10,10,7,7,8,25,52.90401425,48,60,4,2795.748168
144,6,1,1,4,7,5,6,3,7,7,8,10,10,7,7,10,100,10,48,60,4,11529.52064
148,3,2,2,5,7,3,4,4,5,5,6,6,8,5,5,7,25,52.90401425,24,45.13924051,3,3173.455097
150,3,3,1,3,2,2,2,5,7,5,6,7,6,5,3,7,1,52.90401425,48,25,1,3378.374067
151,1,2, ,3,6,1,1,4,7,6,4,8,8,6,6,8,100,100,15,65,2,5513.914995
152,3,3,2,3,1,1,1,4,4,6,5,5,5,6,6,10,5,52.90401425,12,46,2,3493.292914
154,1,2,2,4,6,4,4,4,7,6,8,8,9,7,7,10,60,52.90401425,24,45.13924051,2,2553.057047
155,4,2,1,4,7,5,2,2,7,7,10,10,10,7,7,10,10,100,30,57,3,9667.024988
157,4,1,2,5,7,2,6,2,7,6,10,10,8,6,6,9,100,100,31.20780142,45.13924051,2,4396.652921
163,1,3,1,4,6,6,5,4,6,6,10,8,9,5,5,7,65,20,5,55,4,5246.303143
165,5,3,2,4,6,3,2,5,5,6,6,7,8,5,5,7,100,25,31.20780142,50,4,15054.36246
169,6,3,1,2,7,5,4,5,5,5,9,9,9,7,7,10,100,30,36,53,3,6144.263625
172,3,1,1,5,7,5,5,4,5,5,8,8,9,7,6,9,10,50,26,45.13924051,3,5719.495758
173,5,1,1,3,6,4,2,5,7,5,10,9,9,9,9,9,64.94316832,52.90401425,31.20780142,59,3,3767.649553
175,1,1,2,3,7,3,2,4,6,6,9,9,9,6,6,9,100,52.90401425,120,25,2,2989.233974
180,4,3,1,3,6,6,6,2,6,6,9,9,9,6,6,8,90,52.90401425,240,52,1,5361.763881
182,1,1,1,3,7,7,7,7,7,7,10,10,10,7,7,10,100,95,48,45.13924051,5,27994.78304
189,3, ,2,3,7,5,5,6,6,7,6,7,8,7,7,10,10,52.90401425,36,54,3,11539.44163
194,1,1,2,2,7,5,2,5,7,7,10,10,10,7,7,10,64.94316832,20,20,56,3,5042.588167
195,3,3,2,4,7,4,5,3,6,5,8,6,9,7,7,10,20,52.90401425,24,57,3,6149.995331
200,4,2,2,3,6,4,4,2,6,5,8,7,8,9,9,2,80,50,12,70,2,4881.781367
201,5,3,2,3,6,3,4,4,7,1,10,8,8,7,7,10,100,52.90401425,48,63.5,1,4787.282423
203,3,3,1,4,6,5,4,4,5,5,7,7,7,5,5,7,80,10,24,53,4,2484.486214
204,4,3,1,3,7,7,7,6,7,7,10,10,10,7,7,9,90,52.90401425,24,48,3,3956.455157
211,1,1,1,2,7,2,2,7,6,7,7,3,10,7,7,10,10,52.90401425,12,43,2,3900.924515
213,1,3,1,4,5,3,5,4,7,6,5,5,9,5,5,7,64.94316832,52.90401425,31.20780142,50,4,2965.820443
217,1, ,1,3,5,1,4,4,6,5,6,5,8,5,5,7,64.94316832,52.90401425,48,45.13924051,3,2795.748168
218, ,1,1,4,7,6,6,6,6,6,9,8,8,6,6,8,100,52.90401425,6,45.13924051,2,5881.573733
219,3,3,2,3,7,3,3,5,7,7,6,5,8,6,5.811797753,8.184135977,100,100,36,44,1,4036.424807
221,2, ,1,3,5,3,5,5,6,6,7,8,7,1,3,2,30,52.90401425,5,36,4,1979.830327
225,5,2,2,5,6,3,3,3,4,6,5,5,5,3,3,5,100,52.90401425,4,39,3,12532.07472
230,4, ,2,3,7,2,4,4,7,7,6,7,8,7,7,10,64.94316832,25,24,45,3,26168.0428
241,1,2,2,2,7,7,2,7,7,7,10,9,9,7,5.811797753,8.184135977,64.94316832,52.90401425,18,53,1,3695.459896
243,3,2,1,4,4,6,2,4,3,5,7,6,7,4,4,7,40,20,78,45.13924051,4,3599.355845
247,4,2,2,4,7,4,4,5,6,5,6,7,7,3,2,7,90,50,31.20780142,45.13924051,5,3892.193973
248,5,3,1,2,7,5,5,6,7,7,10,9,10,7,7,10,64.94316832,52.90401425,31.20780142,51,2,9536.205252
254,4, ,2,3,7,7,6,7,7,7,10,10,10,7,5.811797753,8.184135977,64.94316832,52.90401425,1,45.13924051,1,3113.561003
257,1,3,2,3,7,7,7,4,7,7,7,8,10,7,7,10,100,100,60,55,1,4680.82925
259,2,1,2,2,7,5,3,6,7,7,10,10,10,7,7,10,40,10,24,58,3,6070.702176
260,5,1,2,3,6,4,4,4,6,5,8,6,8,5.957839262,2,8.184135977,64.94316832,52.90401425,24,53,3,5441.888288
261,1,2,2,4,7,7,7,3,7,7,10,10,10,7,7,10,95,30,24,60,3,5282.174392
262,2,3,2,2,6,4,5,6,7,6,9,10,8,6,5,8.184135977,10,52.90401425,24,66,2,2795.748168
269,2,2,1,2,7,4,4,4,6,7,7,3,8,6,6,10,40,52.90401425,24,45.13924051,6,3425.034713
272,6,3,2,2,7,5,6,5,7,7,10,10,10,7,7,10,100,50,24,39,3,6765.433359
273,5,3,2,3,7,5,6,3,7,6,8,8,9,7,7,10,0.5,3,24,34,2,3677.407854
276,3,2,2,3,6,5,4,5,3,5,7,7,8,2,3,4,100,50,24,55,4,22918.61907
278,4,2,2,2,7,6,7,4,7,7,10,9,9,7,7,10,100,100,36,70,2,15112.87218
279,1,1,2,4,7,3,4,4,6,2,9,10,9,6,6,9,100,1,12,51,3,4539.641514
281,3,2,2,4,5,4,5,3,7,7,10,10,10,7,7,10,100,52.90401425,31.20780142,59,4,3118.061192
282,5,2,1,3,6,1,4,2,7,7,10,10,10,7,7,10,6,1,16,45.13924051,2,5242.81209
285,5,3,1,4,7,3,4,4,4,4,5,5,5,2,2,6,50,40,78,58,6,9306.163736
288,4,1,2,4,6,3,5,5,7,6,8,8,9,7,7,10,100,100,12,61,2,5872.095963
292,1,2,1,2,2,5,4,2,7,7,8,8,10,7,7,10,5,52.90401425,6,62,4,3425.034713
293,4,3,2,3,7,4,2,7,7,7,9,9,10,7,7,10,10,52.90401425,8,59,6,3219.570094
294,5,2,1,2,7,1,5,4,7,7,10,10,10,7,5.811797753,8.184135977,3,52.90401425,120,63,3,3742.494753
298,4,1,2,4,7,4,4,4,6,5.952941176,9,9,9,9,5.811797753,8.184135977,30,100,36,45.13924051,3,18112.89353
304,5,2,2,4,7,6,4,2,6,6,7,8,9,6,6,9,10,52.90401425,36,63,2,2801.866125
307,5,2,2,4,7,3,5,5,7,7,9,9,9,6,6,9,100,50,9,59,2,11485.61403
313,6,1,2,4,7,4,5,4,7,7,7.908496732,7.980443286,8.355932203,6,5.811797753,8.184135977,80,80,12,48,4,8892.162885
315,4,3,2,4,7,6,4,4,6,7,7,7,9,6,6,9,10,40,78,50,3,4294.776305
316,4,3,2,2,5,1,3,5,5,6,2,6,5,2,3,7,64.94316832,10,76,40,5,3926.1531
323,2,2,1,3,7,4,6,6,6,7,10,10,10,7,5.811797753,8.184135977,1,96,24,60,4,11718.94512
334,2,2,1,3,7,4,2,2,7,6,10,10,10,7,6,9,95,100,24,45.13924051,4,11429.72396
337,1, ,2,1,7,5,6,4,7,7,7,9,10,6,6,9,64.94316832,52.90401425,18,55,2,3972.714486
338,3,1,2,4,4,3,3,4,5,4,6,6,6,4,4,5,1,3,24,58,4,3440.425693
339,4, ,2,2,7,7,7,6,7,7,8,8,9,7,7,10,100,52.90401425,6,33,3,4680.573709
340,1,3,2,2,7,7,7,5,7,7,10,10,10,7,7,10,50,100,24,66,2,3536.547987
342,4,2,1,4,7,4,5,6,7,7,5,5,7,1,1,3,30,52.90401425,36,78,2,4843.4502
344,4,3,1,3,4,1,1,4,4,4,4,5,5,4,3,5,20,10,12,45.13924051,3,1180.600058
345,3,2,1,4,5,1,4,4,4,4,5,7,7,5,5,8,5,52.90401425,48,45.13924051,3,3249.604838
346,2,2,2,4,7,5,7,4,7,7,8,8,10,3,3,5,20,52.90401425,5,61,2,3426.416647
348,5,2,2,4,7,4,5,6,6,7,10,10,10,7,5.811797753,8.184135977,30,52.90401425,78,64,3,3841.329849
350,1,3,2,4,7,6,7,3,7,6,10,8,9,7,7,9,100,52.90401425,24,56,2,3683.851913
351,3,3,2,3,4,3,4,4,7,6,10,10,10,6,6,9,1,30,34,46,4,6024.995701
352,4, ,2,3,7,5,3,6,7,7,8,8,8,5,5,8,100,35,12,39,3,10008.60669
354,5,1,1,4,2,1,3,2,4,3,3,3,5,5,5,9,10,35,24,45.13924051,3,7334.279611
355,1,3,1,3,7,4,2,7,7,7,9,9,9,6,6,10,4,10,12,43,3,2199.306617
357,4,1,2,4,4,3,3,5,7,6,10,10,10,7,5.811797753,8.184135977,100,52.90401425,36,33,3,3900.924515
362,5,3,2,2,5,4,4,4,4,4,7,7,8,1,1,7,10,52.90401425,18,21,1,3992.954932
365,4,2,1,3,6,3,3,4,6,6,8,8,8,7,7,10,5,75,8,58,3,24622.83844
368,5,3,2,2,7,5,3,4.376470588,7,6,8,7.980443286,9,7,7,10,50,50,12,51,3,7123.450924
369,1,3,1,3,7,5,3,6,6,6,7,8,8,7,7,9,100,50,12,47,4,13625.47208
370,3,3,2,3,7,6,4,4,7,6,8,8,8,8,8,8,100,52.90401425,24,47,5,2795.748168
371,1,1,2,2,7,5,5,4,6,6,8,8,8,5,5,6,100,52.90401425,12,45.13924051,2,3792.061367
377, ,3,2,4,4,1,2,3,6,5,5,8,8,6,6,8,64.94316832,52.90401425,60,32,5,2795.748168
380,5,3,2,4,7,1,2,6,7,7,6,8,9,8,8,8,100,52.90401425,24,30,2,4282.549943
381,3,3,1,3,6,4,4,5,6,6,8,9,8,8,6,9,90,52.90401425,30,28,1,5632.574383
382,2, ,1,2,6,2,3,4,4,5,7,7,7,5,5,7,85,52.90401425,6,29,2,4925.089424
383,5,3,1,3,6,4,4,4,4,4,6,6,8,5,5,8,20,66,40,57,4,10645.86449
385,6,1,2,3,7,4,1,4,7,7,5,5,7,5,5,7,75,52.90401425,4,22,1,6547.285373
390,1,1,2,4,7,4,4,6,7,7,10,9,10,7,7,10,100,50,4,53,5,3307.642603
391,3,1,2,3,7,4,4,4,4,4,5,5,7,5,5,7,100,52.90401425,24,50,2,4315.911144
392,4,3,2,2,7,4,4,3,1,7,10,10,10,7,5.811797753,8.184135977,90,90,78,52,5,17571.59274
393,5,1,2,4,7,5,2,6,6,7,9,10,10,7,7,10,50,40,31.20780142,54,3,9186.693382
395,4, ,1,3,6,3,6,6,4,5,7,5,7,6,5,8,100,80,16,48,4,11459.17748
396,5,3,2,2,7,6,5,6,7,7,10,9,9,6,6,9,100,52.90401425,15,47,3,3726.698942
397,4,3,1,3,7,3,3,5,7,6,10,10,9,7,7,10,10,80,48,47,4,4848.784734
401,5,3,2,3,7,3,2,3,4,4,6,8,7,3,3,5,100,5,15,32,4,3926.9198
404,2,2,2,2,7,1,4.092447917,7,7,7,10,9,10,7,7,10,100,100,36,71,3,12014.06944
409,2,1,2,4,6,6,4,5,7,7,8,9,10,7,7,10,100,10,3,58,2,4323.502937
411,1,1,2,4,7,2,3,1,7,6,6,8,7,4,4,7,5,52.90401425,14,50,3,8369.829452
412,1,3,2,4,7,7,7,6,7,7,10,10,10,5,5,7,100,52.90401425,36,55,4,9372.699119
415,5,1,1,4,7,5,6,3,7,7,7,7,9,7,7,9,64.94316832,52.90401425,48,45.13924051,5,9971.494607
421,4,2,2,1,6,3,2,2,6,5,9,9,8,6,6,8,100,100,31.20780142,45.13924051,4,8568.396358
422,1,1,2,4,7,6,2,1,7,7,10,10,10,7,5.811797753,8.184135977,100,52.90401425,31.20780142,45.13924051,3,2749.519995
424,2,3,2,3,1,1,7,3,4,4,8,4,6,4,3,3,50,52.90401425,31.20780142,19,1,11217.50986
428,1,3,2,3,6,4,4,3,5,6,7,7,9,7,7,9,100,10,78,44,4,4933.489496
429,2, ,2,2,6.191099476,4.061118336,4.092447917,4.376470588,6.070773263,5,6,8,9,6,6,9,20,52.90401425,36,44,3,6454.968954
430,2, ,2,3,6,2,6,6,7,7,9,9,9,6,4,8,50,52.90401425,96,38,4,9617.267938
432,5,2,2,4,6,5,4,4,6,6,8,8,8,6,6,8,95,52.90401425,60,59,6,7691.203756
433,4, ,2,2,7,7,7,7,7,6,10,10,10,7,7,10,100,52.90401425,6,28,1,4739.170331
439,1,3,1,2,7,6,6,4,7,7,10,10,10,7,7,10,1,52.90401425,12,22,1,4414.488482
440,2,1,2,4,7,6,4,4,6,6,9,9,10,7,7,10,99,70,24,45,5,6586.141841
449,2,3,1,3,7,7,7,7,7,7,1,2,2,3,8,3,64.94316832,75,60,29,2,7156.620933
450,1,12,2,3,7,7,2,7,7,7,10,10,10,7,7,10,100,100,24,65,2,5530.110533
452,5,3,2,3,5,3,4,4,6,6,8,8,8,5,5,8,2,52.90401425,36,58,3,2795.748168
454,3,1,2,4,7,4,5,6,7,7,10,10,10,7,5.811797753,8.184135977,5,52.90401425,31.20780142,54,3,2926.575456
455,2,3,2,4,6,3,4,4,7,7,10,9,9,7,7,10,50,52.90401425,24,51,5,8131.695399
459,4,1,2,2,7,6,6,3,7,6,6,6,8,6,6,8,64.94316832,75,24,42,5,3900.239838
460,3,1,2,4,7,5,5,5,6,6,9,7,8,5,5,7,80,15,12,44,2,3999.973141
463,5,3,1,3,3,2,4,6,5,4,5,6,6,5,5,7,50,52.90401425,24,52,5,4464.600855
468,2,1,2,4,7,6,5,3,7,7,10,10,10,6,7,10,30,52.90401425,78,53,2,4528.184169
470,1,1,2,3,6,4,6,6,7,6,10,10,10,5,5,9,50,52.90401425,12,46,2,4873.757058
472,3, ,1,2,3,3,3,4,4,4,5,5,5,3,3,5,50,52.90401425,24,39,3,5229.574298
476,5,3,1,2,7,4,6,5,7,6,8,8,8,8,8,2,100,52.90401425,12,45.13924051,3,3233.738399
480,5,1,1,4,2,2,2,3,5,3,4,7,7,5,5,8,33,52.90401425,15,61,4,7739.866596
483,1, ,2,2,7,4,7,4,7,7,10,9,10,7,7,10,50,50,12,53,2,8550.201927
490,6,3,1,2,7,5,4,4,7,7,9,10,10,7,7,10,10,52.90401425,24,53,3,4131.951474
494,1,3,2,3,7,4,4,7,7,7,10,10,10,7,7,10,0.5,0.1,60,50,2,4772.901913
496,1,3,2,2,5,4,5,4,6,6,4,6,7,5,5,7,80,52.90401425,12,36,2,3861.565257
499,5,1,1,3,7,4,2,6,6,7,8,10,9,6,6,9,100,100,78,38,4,21165.49188
507,3,3,2,3,7,4,1,4,7,7,10,8,10,7,7,10,100,50,78,48,3,3508.284643
508,3,2,2,3,7,4,4,5,6,7,9,9,9,9,5.811797753,8.184135977,100,52.90401425,36,79,1,5048.500715
510,5,3,1,2,7,4,6,6,7,7,9,9,9,9,9,1,100,52.90401425,12,45,2,4156.253849
516,5,1,1,4,6,5,3,5,6,5,8,8,8,7,7,10,5,20,6,36,3,6216.084144
517,4,3,1,3,4,3,2,4,4,5,4,5,6,6,5,5,50,100,36,45.13924051,3,4553.101819
519,5,2,1,4,7,1,2,4,7,7,10,10,10,7,7,10,100,52.90401425,24,62,5,3105.942007
520,5,1,2,5,7,3,5,7,7,7,10,10,10,7,7,10,100,52.90401425,18,58,4,4329.037202
521,3,2,2,4,6,4,5,4,6,5,6,7,7,6,6,8,100,52.90401425,18,62,3,2795.748168
523,1,3,2,2,6,2,2,4,6,6,5,2,7,5.957839262,7,8.184135977,100,52.90401425,24,56,4,3508.284643
525,1,3,2,2,7,4,4,5,7,6,10,10,9,7,7,10,50,50,12,44,2,11676.69915
526,5,1,2,2,6,3,4,3,3,4,5,6,5,7,7,10,5,50,36,45.13924051,3,4360.617114
527,4, ,2,3,7,5,4,3,7,6,8,9,9,7,7,10,98,1,24,48,3,4930.568729
531,1,3,2,3,7,1,3,5,6,7,7,7,7,1,5.811797753,8.184135977,100,52.90401425,24,25,3,3978.397808
535,2,2,1,4,7,7,5,4,4,7,9,9,10,7,7,10,50,75,120,45.13924051,3,4127.644161
536,5,1,2,3,7,6,5,5,4,6,9,9,9,6,6,9,80,100,31.20780142,45.13924051,2,3402.024174
537,4,2,2,3,7,5,5,4,7,4,7,5,7,2,5.811797753,8.184135977,50,50,6,62,3,3274.675616
541,6,3,1,5,6,5,4,5,5,5,5,5,7,6,6,9,100,10,24,52,3,4248.92621
546,5,3,2,3,7,6,4,6,7,7,10,9,9,7,7,10,10,20,12,36,3,7359.188637
558,4, ,2,3,7,4,4,6,7,7,9,10,10,7,7,10,20,52.90401425,36,52,1,9730.48441
560,1, ,2,2,7,1,7,4,7,7,5,10,10,7,7,10,50,1,12,45.13924051,4,4525.00954
562,1, ,1,2,6,1,3,2,7,5,10,8,9,5,5,7,100,20,30,45,2,5355.724285
564,2,1,1,4,7,1,4,2,7,7,7.908496732,10,9,7,7,10,100,30,24,45.13924051,4,6746.674372
571,1,3,2,3,5,2,2,4,4,4,5,5,6,5,5,6,50,50,24,61,3,8628.969714
572,1, ,1,3,6,3,4,2,5,4,10,10,8,4,4,6,100,52.90401425,3,45.13924051,3,11083.35906
580,2,1,2,4,6,4,2,5,6,6,8,8,8,5,5.811797753,8.184135977,1,25,24,46,5,11294.86222
583,4, ,2,3,7,4,6,3,6,5,7,8,9,6,6,9,10,52.90401425,24,28,2,4566.185628
584,2,3,2,2,7,7,7,7,7,7,10,10,10,7,7,10,100,52.90401425,36,37,3,4558.724664
589,2,2,1,4,7,1,1,4,7,7,4,8,10,7,7,10,60,52.90401425,24,60,4,4134.769128
591,1,1,1,4,7,5,4,5,6,6,8,8,9,5,5,8,10,10,23,52,5,12166.31403
592,3,1,1,4,6,4,5,4,7,7,7,8,9,6,6,2,20,52.90401425,78,50,3,2795.748168
593,2,1,1,5,6,2,4,4,6.070773263,6,8,7,8,6,6,8,25,52.90401425,24,51,3,3763.289776
594,5,1,2,3,6,4,2,5,7,7,6,6,8,9,5.811797753,8.184135977,90,52.90401425,24,45,2,3741.001583
595,4,3,2,4,7,5,7,3,7,7,10,10,10,7,7,10,100,100,78,51,3,6567.337849
596,3,1,2,4,7,6,5,5,6,5,8,8,9,6,6,9,100,15,28,45.13924051,2,9912.943626
598,4,3,2,3,7,3,4,5,7,7,8,5,9,7,5.811797753,8.184135977,100,100,78,43,3,3485.857259
604,4, ,1,3,7,6,6,5,7,7,9,9,9,6,7,8,100,30,36,26,4,8734.455471
605,1, ,1,3,6,5,6,3,7,5,8,9,9,7,7,10,100,52.90401425,31.20780142,30,3,4151.230896
610,4,3,1,4,6,4,4,4,6,6,7,8,8,5,5,7,1,52.90401425,24,55,3,4717.694819
612,5,1,2,3,6,4,4,4,6,6,9,9,9,6,6,9,64.94316832,52.90401425,31.20780142,54,3,2795.748168
613,5,1,2,3,7,4,6,5,7,6,8,8,9,7,7,1,85,55,25,54,4,5772.640893
616,1,3,2,4,7,5,4,7,6,7,10,10,10,7,7,10,90,95,24,25,2,6414.427422
624,4,1,1,4,7,5,4,3,6,7,9,9,10,5,5,9,100,52.90401425,48,45.13924051,3,6459.107037
625,4,2,2,4,6,3,4,4,6,5,8,8,8,5,5,8,100,52.90401425,15,45.13924051,2,4766.800531
626,1,2,1, ,6,6,7,5,7,5,9,8,8,6,5,8,50,100,1,59,3,3591.174474
629,1,1,1,3,7,6,4,4,7,7,9,9,9,6,6,9,5,52.90401425,60,59,4,5060.398119
637,5,1,1,4,7,3,3,5,5,5,6,6,7,5,5,7,80,52.90401425,24,45.13924051,4,7221.809319
654,1,3,1,2,4,2,3,4,4,4,5,5,4,4,3,7,40,52.90401425,36,35,3,7801.868617
660,5,1,1,4,6,1,1,4,7,6,6,6,8,5,5,7,64.94316832,10,42,60,5,6814.547409
667,3,3,2,4,5,4,3,4,6,5,7,7,8,6,5,8,100,20,24,26,1,1228.644327
670,5,3,2,5,4,3,4,3,3,3,7,7,7,5,5,7,100,52.90401425,24,35,2,5732.329121
683,4,1,2,4,5,4,4,4,6,4,7,7,7,5,5,8,100,52.90401425,12,29,2,4453.25783
686,2,3,2,3,7,4,1,4,7,6,7,7,7,5,5,7,80,52.90401425,24,34,3,8209.31465
694,1, ,1,2,6,1,4,6,6,6,8,8,9,6,6,9,100,20,6,19,1,5430.960616
696,1,3,1,5,4,1,1,7,4,4,5,10,3,1,3,5,50,52.90401425,12,24,2,5224.357424
699,5,1,2,3,6,4,2,5,5,5,8,7,7,6,6,8,15,25,12,57,3,12962.28671
700,1, ,2,0,7,5,6,5,6,6,9,9,9,6,5,7,100,52.90401425,10,45.13924051,3,3778.122965
714,4,3,2, ,4,4,4,4,4,4,6,6,6,3,3,5,100,52.90401425,8,76,3,5910.845486
716,4, ,1,3,7,1,3,7,7,7,8,10,9,7,7,10,100,40,36,30,2,2717.582671
717,3,3,2,2,7,6,3,6,7,7,9,9,9,6,6,9,80,52.90401425,48,29,3,6001.014592
718,1,3,2,3,5,3,2,4,6,6,7,7,7,8,8,7,100,100,7,24,2,4691.448088
719,4,3,1,2,5,5,5,4,5,5,7,6,7,8,8,2,100,52.90401425,78,45.13924051,4,6042.091309
720,1,1,1,3,6,6,6,6,6,6,9,8,8,6,5,8,80,100,6,30,2,6313.271666
722,4, ,2,1,4,2,2,4,5,4,8,7,8,5,5,8,70,100,60,24,1,5686.70239
726,3,2,1,4,7,6,3,5,5,6,8,8,8,6,6,8,64.94316832,52.90401425,39,45.13924051,2,7099.06256
731,2, ,1,4,7,4,4,4,7,7,10,10,10,7,7,10,75,25,24,29,2,6431.814523
734,4,3,2,1,7,1,5,4.376470588,7,5,6,7,8,6,5,8,80,52.90401425,31.20780142,46,3,8253.940858
737,4,1,1,3,7,3,3,2,7,6,9,9,9,6,5,9,100,52.90401425,18,24,1,2386.191367
742,4,3,1,2,6,5,5,3,7,4,8,8,8,6,6,9,90,10,24,45.13924051,1,5046.276112
745,6,1,2,5,6.191099476,3,4,7,7,7,10,10,10,5,6,8,5,5,31.20780142,26,3,5175.741188
756,5,2,1,4,7,5,1,4,6,5.952941176,9,9,9,6,6,9,64.94316832,52.90401425,78,71,3,2993.908969
757,3,1,2,3,6,4,4,4,5,4,5,7,7,1,1,7,64.94316832,30,18,45.13924051,5,13891.99401
762,2,2,1,4,6,4,4,4,7,6,8,8,8,7,7,10,10,52.90401425,84,65,4,3019.11001
767,1,2,1,4,7,7,4,4,6,7,8,8,9,6,6,8,64.94316832,52.90401425,31.20780142,45.13924051,3,3684.595405
771,4,2,2,4,6,1,4,4,6.070773263,7,10,9,9,6,6,8,50,52.90401425,78,63,3,5099.341417
772,3,2,1,4,5,4,3,4,6,5,6,8,9,9,9,9,40,5,9,45.13924051,2,7967.844027
774,1,1,1,4,7,3,4,4,6,6,8,9,8,6,6,8,100,100,24,60,4,24585.1477
779,4,2,1,3,3,3,1,4,7,5,10,7,8,5,5,8,50,52.90401425,24,56,2,3798.920547
781,5,1,1,3,7,5,5,6,7,7,9,9,9,9,9,9,75,25,60,45.13924051,2,7390.486094
782,4,2,2,4,7,3,4,5,7,7,8,8,8,8,8,8,5,15,12,45.13924051,5,11216.6088
783,3,2,1,3,7,5,5,4,7,7,8,8,9,6,6,9,75,100,10,45.13924051,2,11428.20193
787,1,1,2,2,7,3,4,4,6,7,6,6,6,2,2,6,10,52.90401425,24,55,1,2834.987119
792,1,1,2,4,7,5,2,4,6,6,9,9,10,5,6,10,50,10,78,60,4,3826.638323
793,1,3,2,1,6,4,6,4,6,6,9,8,8,6,6,9,1,100,24,55,3,4725.847213
794,4,2,2,3,7,7,7,6,7,7,9,9,9,7,7,8,10,25,31.20780142,55,5,4531.136917
796,1,2,2,3,7,5,2,3,6,6,6,7,7,5,5,7,100,100,31.20780142,61,2,3439.880102
799,5,3,1,3,7,6,6,5,1,7,9,9,9,9,9,1,10,25,24,45.13924051,2,4396.684866
800,2,2,2,2,7,2,3,4,5,5,5,5,8,1,5.811797753,2,10,52.90401425,78,53,3,3875.101867
814,5,3,2,2,7,5,2,4,6,6,8,8,9,6,5,8,64.94316832,52.90401425,48,49,4,6447.916056
817,3,2,2,4,6,4,2,6,7,7,8,8,8,8,8,2,50,52.90401425,9,45.13924051,5,5899.58007
818,3,2,2,3,7,7,5,4,7,7,7.908496732,8,10,7,7,10,64.94316832,52.90401425,60,55,2,4110.970065
826,3,3,2,3,6,5,5,4,6,6,8,7,7,1,2,7,80,100,12,52,2,24444.39776
839,5,2,1,3,7,2,1,4,6.070773263,7,10,10,10,6,6,9,100,90,3,55,3,2967.117982
840,1,1,1,4,6,4,6,6,7,7,9,9,9,7,6,9,27.5,15,12,52,3,4037.387012
841,1,1,1,3,2,6,5,5,6,7,10,10,10,6,5,9,80,70,48,53,3,15230.38947
846,1,3,1,3,6.191099476,5,5,4,7,6,8,8,8,5,5,8,75,75,12,50,4,4198.395272
858,1,3,1,3,7,1,3,1,7,7,6,5,8,6,5,8,75,52.90401425,78,39,2,3540.228063
859,2,1,2,1,6,6,4,5,5,5,7,4,7,5,6,8,100,52.90401425,36,48,3,5277.591689
864,2,3,1,2,7,6,7,6,7,7,8,8,10,7,7,10,75,50,24,50,2,6717.553607
867,5,3,2,2,6,3,6,3,6,6,6,6,8,3,3,6,100,80,12,45.13924051,4,6521.41298
872,6,1,1,4,6,1,1,1,4,4,5,10,9,7,7,10,70,52.90401425,78,45.13924051,4,5711.802807
875,5, ,1,3,5,4,5,4,7,5,7,7,7,6,6,8,75,52.90401425,48,39,3,4008.793915
881,5,1,2,2,7,6,5,6,7,7,8,8,10,7,7,10,100,50,78,46,3,9703.012986
883,5,1,2,4,6,4,4,4,7,7,8,8,10,7,6,9,100,20,24,45.13924051,5,3716.052659
884,6, ,1,3,6,5,3,5,6,5,8,7,7,6,5.811797753,8.184135977,2,1,24,48,2,4282.405775
887,2,1,2,4,6,2,2,4,7,6,6,6,7,6,6,8,40,25,48,47,2,2795.748168
889,2, ,2,3,5,4,2,4,5,5,6,6,7,5,5,7,100,52.90401425,12,34,1,3545.268941
890,4,3,2,2,7,2,6,6,7,7,8,8,9,6,6,9,40,52.90401425,24,45,4,3068.697318
892,4, ,1,3,5,4,4,3,5,5,7,6,7,5,5,8,75,52.90401425,24,35,6,4200.979265
893,3, ,1,1,7,4,7,3,7,6,6,8,9,7,7,10,80,52.90401425,8,46,4,3953.304518
894,3,3,2,2,7,1,4,1,7,7,10,6,8,5,5,8,1,52.90401425,120,45.13924051,3,3059.583551
895,5,3,1,2,5,4,5,4,6,6,7,7,7,5,5,8,1,52.90401425,48,45.13924051,5,6724.357103
896,1,1,2,4,7,5,4,4,5,5,10,10,10,7,7,10,40,52.90401425,6,46,3,4186.314406
900,1,3,1,4,7,1,4,4,7,6,8,7,8,6,5.811797753,8.184135977,50,25,12,55,5,13018.09866
910,4,3,1,3,7,7,7,7,4,6,9,9,9,7,7,10,100,52.90401425,3,39,1,4087.816368
911,1,3,2,2,7,5,2,6,6,6,10,8,8,7,6,9,50,52.90401425,12,46,3,7783.468007
916,2,1,2,4,6,3,5,3,7,3,5,7,7,6,6,9,100,100,24,45.13924051,4,8566.281359
922,4,2,2,1,7,7,7,6,7,7,10,10,10,7,7,10,64.94316832,52.90401425,31.20780142,71,1,9015.544095
923,3,1,1,2,6,4,4,6,6,6,10,10,9,7,7,10,100,52.90401425,6,38,2,2912.740721
925,4, ,2,2,7,7,6,7,7,7,7,7,7,6,6,8,100,30,12,40,5,2920.158983
926, ,3,2,4,7,4,6,4,7,6,10,2,9,6,6,9,64.94316832,10,31.20780142,45.13924051,2,2795.748168
931,4,1,2,2,7,4,4,4,7,6,7,6,8,6,4,8,90,80,24,39,3,20065.31049
941,4, ,2,2,7,5,3,6,6,7,7,8,10,5,5,8,100,5,60,34,2,5287.436275
945,4,3,1,3,6,4,4,4,7,7,10,10,10,7,7,10,80,50,24,33,3,6742.274119
954,5,3,2,3,7,4,1,6,6,6,9,8,9,7,7,9,75,52.90401425,36,40,3,2805.400989
956,1,1,2,1,3,1,1,4,4,4,5,5,5,2,2,5,50,52.90401425,12,39,2,2616.814364
957,1,3,2,2,6,3,4,5,7,6,6,8,9,6,6,8,100,52.90401425,10,39,5,5126.985209
958,2,3,1,3,7,1,1,7,7,5,7,7,7,1,1,7,75,50,60,45.13924051,3,5350.80623
959,4, ,2,3,7,7,2,7,7,7,10,7,9,7,5,9,80,0.8,36,29,2,7153.663593
961,3,3,1,3,6,3,1,6,6,6,6,6,7,6,6,8,80,52.90401425,48,31,3,3708.847481
963,4,3,2,2,7,7,7,3,7,7,10,10,10,6,6,9,100,100,6,34,3,5384.777617
966,2, ,1,3,5,4,4,4,7,5,6,6,6,2,2,6,100,52.90401425,20,39,2,4957.577347
967,2,3,2,2,7,6,7,5,7,7,7,8,9,5,5,8,25,52.90401425,36,39,5,3818.841158
972,4, ,2,2,5,4,5,4,6,5,8,8,8,6,6,8,95,52.90401425,24,30,3,5882.695782
973,1, ,2,3,7,4,6,2,7,6,6,8,8,6,6,8,100,52.90401425,36,33,4,5004.241266
974,4, ,2,3,6,4,4,5,6,5,7,7,8,8,5,8,90,100,60,34,3,4508.191042
975,5,3,2,3,4,3,3,4,6,6,7,6,6,6,6,8,10,20,12,49,5,19931.30191
976,3,1,2,3,2,1,2,4,5,4,7,7,7,5.957839262,5.811797753,8.184135977,10,52.90401425,12,31,2,9859.264637
980,5,3,2,3,6,4,3,4,6,6,8,8,8,6,6,8,100,100,24,35,3,3480.71132
982,4, ,2,2,6,1,5,7,7,7,5,8,9,7,7,10,100,25,18,45.13924051,2,5224.964888
983,1,3,2,3,7,5,4,5,7,7,8,10,9,7,7,10,100,52.90401425,42,28,2,3742.94715
984, ,3,1,4,7,5,5,5,5,6,9,9,9,6,6,9,100,75,48,36,5,5461.69004
990,1, ,2,2,4,3,3,1,2,3,5,9,5,3,3,5,1,52.90401425,24,23,2,5465.669307
1003,2,3,1,2,5,1,2,6,7,5,8,8,8,6,6,9,100,52.90401425,31.20780142,23,1,13862.31755
1005,2,1,1,4,6,4,4,4,5,6,9,9,9,5,5,8,90,100,24,45.13924051,4,12613.82079
1008,4, ,1,4,7,5,6,6,7,7,9,8,8,6,6,8,100,100,6,25,2,5514.893989
1017,1,1,2,4,7,5,6,6,7,7,10,10,10,7,7,10,10,40,48,33,2,11523.37759
1019,3, ,1,2,2,1,4,1,7,4,7,6,5,4,4,7,10,10,36,24,2,2488.203289
1024,4,3,2,3,7,7,5,7,5,7,10,10,10,7,7,10,100,100,31.20780142,28,3,6722.324926
1029,5, ,2,3,7,1,7,5,6,7,10,9,9,7,7,10,80,52.90401425,24,26,2,7518.955289
1036,5,1,2,4,4,5,3,2,7,6,8,8,8,6,6,8,5,10,6,30,2,4354.781186
1038,4, ,2,4,1,2,2,3,3,5,4,8,7,5,5,8,10,52.90401425,31.20780142,55,3,7045.941509
1053,4, ,2,2,7,3,3,4,7,7,8,8,8,5,5,8,100,50,36,24,1,4872.794088
1055,4,3,2,3,4,4,4,4,6,6,7,7,7,4,4,7,100,50,6,53,3,10104.51112
1056,5, ,1,2,7,7,7,5,7,7,10,10,10,7,7,10,100,0.99,72,22,2,14774.80644
1061,2,1,2,3,7,4,5,5,6,6,8,10,9,5.957839262,5.811797753,8.184135977,100,25,24,27,2,8467.386544
1064,1,3,2,1,7,6,2,6,7,7,8,8,9,6,6,9,95,52.90401425,78,45,3,3807.642305
1065,2,3,1,2,6,4,2,4,7,6,8,7,8,8,8,3,10,25,18,55,5,4293.033189
1069,5,1,2,3,6,3,6,5,6,6,10,8,9,6,6,8,100,90,3,27,1,6835.032913
1073,4, ,2,3,7,6,4,7,6,7,7,8,9,8,1,8,100,100,12,29,1,8247.353963
1085,4,2,2,4,4,2,2,4,4,4,5,6,6,6,7,9,0.02,52.90401425,36,75,2,2795.748168
1088,2,2,1,4,7,2,7,5,7,6,9,10,10,6,7,9,10,52.90401425,15,45.13924051,3,2938.408719
1093,2,2,0,5,7,6,6,4,7,7,10,8,10,7,7,10,5,52.90401425,36,67,3,9435.12626
1097,4,2,1,4,6,3,3,4,6,6,7,7,8,8,8,8,5,52.90401425,12,45.13924051,5,5632.27465
1102,1,2,1,2,3,5,5,4,7,7,9,7,10,6,6,9,85,50,120,67,2,4389.264533
1104,5,3,2,2,7,3,2,3,6,7,8,8,8,6,6,9,80,50,31.20780142,42,4,11161.49584
1106,1,1,1,4,4,4,4,4,4,4,5,5,5,3,3,5,64.94316832,52.90401425,20,45.13924051,3,5088.842743
1107,3,2,1,4,7,4,5,4,5,5,9,9,7,6,6,9,64.94316832,52.90401425,24,45.13924051,3,15795.41876
1117,3,2,1,2,6,3,3,4,6,6,8,8,8,6,6,8,30,52.90401425,54,64,4,3557.079889
1120,1,3,2,3,7,4,4,4,7,7,10,10,10,7,7,10,25,100,78,58,2,8039.617621
1130,5,1,2,4,7,5,4,4,4,6,10,8,10,7,7,10,30,30,18,57,4,20198.731
1132,2,3,2,2,7,4,7,5,7,6,8,8,9,7,7,10,10,33,24,57,4,10805.90866
1134,1,1,2,4,7,7,7,6,7,7,10,10,10,7,7,10,100,52.90401425,12,56,3,4547.43648
1137,3,1,2,3,7,4,3,3,6,6,7,7,8,6,6,9,40,100,18,49,3,3097.857911
1143,1,3,1,2,4,4,2,4,7,7,7,7,7,6,6,8,25,10,78,52,3,6602.506397
1145,4,3,2,3,7,7,7,4,7,7,9,8,9,7,7,10,76,100,78,53,3,5088.959613
1146,1,1,2,4,7,7,7,4,7,7,10,10,10,7,7,10,100,100,24,53,3,4825.247584
1151,4,3,2,2,7,7,5,2,7,7,9,9,10,7,5.811797753,8.184135977,90,100,31.20780142,59,3,15354.70474
1152,1,3,2,2,6,5,4,2,7,5,10,9,9,9,9,2,20,52.90401425,8,47,3,5481.787417
1155,5,1,2,4,7,4,4,5,6,7,6,7,8,8,8,8,70,30,24,50,5,6915.019676
1159,4,1,2,4,7,6,4,3,6,5,8,5,7,6,6,9,100,95,24,45.13924051,2,4379.484228
1161,2,1,2,3,7,6,6,5,6,7,10,10,10,6,6,8,10,10,78,45.13924051,4,13226.14716
1162,3,1,2,4,7,4,5,6,7,7,7,8,8,6,6,9,100,100,4,49,5,22744.92065
1164,5,3,2,3,7,4,2,4,7,7,8,8,8,1,1,2,100,52.90401425,60,40,4,5264.099005
1170,2, ,1,2,7,2,6,6,7,6,6,7,8,6,6,2,10,52.90401425,24,45.13924051,3,5318.283903
1171,3,1,2,3,7,3,6,4,7,1,10,10,10,7,7,10,100,100,24,45.13924051,2,9896.831418
1173,2,3,2,3,7,3,4,4,7,7,10,10,10,7,7,10,100,52.90401425,24,46,1,3412.398773
1176,1,1,2,1,7,3,7,7,7,7,8,9,9,7,7,10,75,0.75,48,45.13924051,4,8911.654428
1179,5, ,1,3,7,6,6,6,7,7,10,10,10,7,7,10,10,52.90401425,36,45.13924051,2,3521.619666
1180,4,1,2,3,7,2,1,1,7,6,6,7,8,7,7,10,100,52.90401425,48,45,5,4943.12527
1183,1,3,1,2,7,4,3,5,6,7,7,8,9,5,5,8,100,50,12,46,5,21465.04715
1188,2,3,1,4,7,6,6,2,2,6,7,6,8,6,6,9,80,52.90401425,60,47,2,5595.828438
1190,2,1,2,4,7,4,3,4,7,6,5,7,7,7,7,9,64.94316832,10,78,48,4,7216.313776
1195,5,1,2,3,6,4,4,4,5,5,7,7,7,5,5,7,64.94316832,52.90401425,31.20780142,30,2,2930.685721
1198,2,3,1,4,7,7,3,1,1,7,10,10,1,7,10,8.184135977,20,30,3,44,4,3779.426981
1204,4, ,2,3,7,5,5,4,6,6,8,7,8,8,8,2,10,52.90401425,10,45,4,3684.907677
1206,1, ,2,3,7,5,7,4,7,6,9,9,9,6,6,9,100,10,48,39,4,5084.603966
1209,3,1,2,4,7,1,7,4,6,7,9,9,9,7,7,10,100,52.90401425,36,41,4,2870.658893
1212,4, ,2,1,7,7,7,7,7,7,9,9,10,7,7,10,95,52.90401425,8,42,2,5683.590853
1213,4,3,2,3,4,3,4,4,7,6,10,10,10,7,7,10,100,52.90401425,36,32,3,3451.573177
1223, ,3,2,2,7,4,6,5,7,6,7,7,10,7,5,10,100,50,18,32,2,4136.327656
1224,1, ,2,3,7,1,3,4,6,7,5,7,9,6,6,9,90,52.90401425,28,36,2,4430.126867
1230,2,1,2,4,6,3,3,7,5,6,5,6,8,1,1,3,80,52.90401425,24,34,4,3900.035087
1232,3, ,2,3,5,1,1,5,6,6,7,9,8,7,7,10,50,25,60,29,3,3867.931792
1237,4,3,2,3,7,5,5,4,6,5,7,6,10,9,8,2,100,52.90401425,24,33,2,2338.147099
1239,3,1,2,2,6,3,3,4,7,7,8,8,9,7,5.811797753,8.184135977,40,52.90401425,24,40,3,3843.342551
1240,2,3,2,3,7,5,3,6,7,7,8,9,10,7,7,10,100,52.90401425,30,38,4,2679.736583
1243,5, ,1,2,7,6,5,7,7,7,8,7,9,7,6,9,100,52.90401425,27,25,2,5683.17273
1250,2,1,2,3,6,1,1,5,6,6,9,9,9,9,9,9,5,52.90401425,24,41,2,12521.39545
1257,5,3,1,4,7,5,6,5,6,6,9,9,10,6,6,9,75,40,6,25,2,10640.97126
1259,4,3,1,3,5,4,4,5,6,6,8,7,7,5,5,7,100,75,12,38,2,6149.421893
1271,2, ,1,4,4,2,4,4,7,7,10,10,10,5,3,2,5,52.90401425,48,35,4,2795.748168
1275,4, ,1,4,7,4,3,6,6,6,7,8,9,5,5,3,25,80,96,45.13924051,5,13690.42273
1281,4,3,2,3,4,3,2,3,3,5,8,7,8,5,5,8,10,52.90401425,12,20,2,2173.465028
1287,3, ,1,3,7,7,3,5,5,6,7,5,8,6,3,8,25,52.90401425,48,45.13924051,3,2852.321393
1288,2,3,2,3,7,5,4,4,6,6,6,6,7,4,5,7,100,66,8,36,4,7890.676463
1289,1,3,2,2,5,5,4,3,3,3,7,7,7,1,3,6,10,2,10,34,3,1799.845532
1292,5,3,1,3,5,3,2,5,5,5,3,7,7,8,8,3,100,52.90401425,48,35,4,4697.384888
1308,3,3,2,3,6,4,3,4,6,6,7,7,7,5,5,8,100,50,6,45.13924051,2,11163.81906
1311,5,3,1,3,7,4,5,4,6,6,8,8,9,7,6,10,80,52.90401425,48,31,3,11368.07943
1313,5,3,1,1,4,4,7,4,6,6,9,9,1,7,9,8.184135977,100,1,2,19,1,2368.436515
1319,5,1,2,3,4,5,5,4,7,7,9,8,9,7,6,8,30,50,30,45.13924051,3,5564.180843
1320,5,1,1,4,5,4,4,3,7,5,7,7,9,8,2,8,70,50,24,28,4,4294.074639
1323,5,1,1,4,6,4,3,5,6,6,8,8,8,5,5,3,100,25,12,33,3,5077.240302
1325,5,3,2,2,7,5,3,5,7,7,8,9,10,7,7,10,90,30,6,28,3,2815.385134
1326,1, ,2,2,7,4,2,4,6,6,8,9,9,6,6,9,50,52.90401425,24,21,2,4397.842076
1331,3, ,2,2,7,1,1,6,6,7,5,5,5,7,7,10,100,100,24,23,1,4858.282283
1334,4,3,1,4,4,1,4,3,4,5,7,7,6,5,6,7,50,20,48,32,2,4431.812027
1336,4,3,2,3,6.191099476,3,2,4,5,3,4,7,5,5,3,6,50,70,31.20780142,32,2,3431.126004
1348,4,3,1,3,5,2,3,5,6,6,9,9,9,6,6,9,50,52.90401425,36,27,3,4229.134738
1352,2, ,2,2,7,7,6,7,7,7,10,10,10,7,7,10,95,25,24,24,2,4682.222901
1353,3,3,2,3,5,7,2,6,2,4,10,7,7,4,4,4,90,52.90401425,24,24,4,11909.09277
1354,2,1,2,4,7,2,5,3,7,5,7,8,8,6,6,8,100,52.90401425,6,27,3,3848.291766
1364,4, ,1,3,6,2,4,3,6,6,9,7,9,7,5.811797753,8.184135977,10,52.90401425,40,25,5,4378.577994
1366,5,1,1,4,7,5,4,6,6,5,5,9,9,7,6,9,100,30,36,54,3,5709.087432
1367,4, ,2,2,7,7,7,7,7,7,10,10,10,7,7,10,100,50,60,26,4,4566.542752
1371,4,2,1,4,4,4,4,2,7,1,10,10,1,8,5.811797753,8.184135977,64.94316832,52.90401425,31.20780142,59,5,5163.947037
1402,5,3,1,3,5,4,4,4,6,5,7,6,8,6,6,8,100,52.90401425,24,24,3,3050.73217
1407,2,2,1,1,5,3,6,6,7,7,7,7,19,7,7,10,5,5,31.20780142,71,3,6721.49974
1410,4, ,2,2,7,7,7,7,7,7,10,7,8,6,6,8,100,50,6,38,2,5875.439459
1412,5,2,1,4,7,7,6,4,7,7,10,10,9,7,6,9,100,90,54,65,3,8301.594488
1415,4,3,1,5,7,5,3,4,5,6,10,9,9,9,7,10,100,50,60,65,1,2833.71297
1416,1,2,2,2,7,6,4,5,7,7,10,10,10,7,7,10,100,52.90401425,78,56,3,4853.523739
1419,4,3,2,2,7,7,1,7,7,7,10,10,1,7,7,10,100,50,156,55,1,7210.633362
1420,5,3,2,2,7,5,4,4,7,6,8,9,9,7,5,8,100,100,78,49,5,16837.50751
1425,1,3,1,2,6,3,3,4,6,6,8,8,8,6,5.811797753,8.184135977,15,50,6,45.13924051,3,6715.307119
1428,1,3,2,2,7,1,3,4,6,6,7,7,7,5,5.811797753,8.184135977,98,25,12,53,4,4718.044297
1429,4,2,1,4,7,4,5,4,7,7,9,10,10,7,7,10,5,52.90401425,40,59,4,2259.420122
1431,4, ,1,2,7,1,7,4,7,7,10,8,10,7,7,10,100,52.90401425,24,62,2,4862.038673
1438,4,3,2,1,3,1,3,4,4,4,6,6,6,5,5,7,25,52.90401425,12,55,2,4090.295633
1442,4,1,2,4,7,3,4,4,6,6,9,10,9,7,7,9,100,100,12,56,4,7084.686412
1445,1,3,1,4,7,1,6,4,7,7,7,8,9,7,7,10,10,70,60,45.13924051,1,4396.314681
1451,1,2,2,3,7,7,7,2,7,7,10,10,10,7,7,10,100,100,24,45.13924051,2,12594.66757
1453,1,1,2,4,7,4,5,3,6,6,6,6,7,1,1,7,15,52.90401425,31.20780142,45.13924051,4,3898.119562
1458,6,1,2,2,7,6,6,6,7,7,10,10,10,7,5.811797753,8.184135977,64.94316832,90,24,46,3,12320.57757
1460,5,3,1,2,6,4,2,5,6,6,8,7,8,6,6,9,35,100,24,55,5,18791.29528
1465,2,1,1,4,7,4,4,5,7,7,8,8,9,5,5,7,50,75,30,45.13924051,2,7738.841481
1467,3,1,2,4,7,6,3,7,5,6,8,9,8,6,6,8,64.94316832,80,24,52,3,4737.139642
1468,1,1,2,4,6,2,4,4,6,6,7,5,8,1,1,7,10,52.90401425,18,52,5,11208.94394
1473,1,3,1,3,6,2,5,2,6,5,5,6,6,2,2,4,100,52.90401425,18,53,3,7951.688925
1482,4,1,1,5,6,4,5,4,5,4,8,8,8,6,6,8,90,52.90401425,24,45.13924051,4,15717.12713
1490,1,1,1,3,7,6,6,3,7,7,8,8,9,5,5,9,85,100,12,49,4,19169.82887
1494,5, ,2,3,6,2,4,4,6,6,8,8,8,8,8,2,80,100,8,51,2,14130.81947
1504,6,1,2,4,7,5,5,4,6,5,7,8,7,5,5,8,100,52.90401425,3,48,3,7919.34669
1507,4,1,2,3,5,1,3,2,7,6,8,8,8,6,4,8,85,52.90401425,12,47,3,12672.5789
1511,1, ,2,2,6,6,7,6,7,6,10,10,10,7,7,10,100,100,6,36,1,14541.44842
1513,5,1,2,4,7,3,1,4,6,5,7,7,7,6,6,9,100,100,31.20780142,48,4,6549.267927
1516,4, ,1,3,4,2,5,4,4,4,5,5,5,4,4,5,75,75,24,40,2,10238.43647
1527,2,3,2,1,7,6,5,3,7,7,9,9,10,7,5.811797753,8.184135977,75,25,78,34,5,10958.48951
1529,4,1,2,4,4,2,1,5,3,4,5,5,5,3,3,5,100,100,60,45.13924051,2,7691.733621
1531,1,3,1,3,7,5,2,6,7,7,6,6,9,6,6,8,100,100,23,46,3,17520.88873
1547,5,3,1,3,4,3,2,5,7,7,10,10,10,7,7,10,5,52.90401425,78,30,3,2368.082576
1550,5,1,1,4,7,7,6,4,7,7,9,9,9,6,6,9,90,20,24,45.13924051,3,9460.194837
1555,1,3,1,3,7,2,5,2,6,6,5,8,8,4,1,7,50,0.25,24,44,5,4985.060458
1558,4,3,1,3,6,4,3,3,7,6,7,7,7,5,5,7,5,15,16,28,3,5781.980324
1561, , ,2,3,7,2,5,1,7,5,8,8,10,7,7,10,50,52.90401425,36,43,4,4439.399888
1569,3,3,2,3,6,2,4,3,6,4,7,7,8,2,2,6,100,52.90401425,24,32,2,3563.577597
1570,4,1,1,3,6,2,4,3,6,6,7,7,7,6,3,7,100,10,48,45.13924051,3,9136.180941
1571,1,3,2,2,6,4,5,6,6,6,8,8,8,6,6,9,50,100,36,42,3,7381.340117
1594,1, ,1,3,7,1,1,4,5,4,4,5,8,3,3,6,100,52.90401425,36,25,2,3646.659901
1600,4,3,1,3,7,5,6,5,7,6,8,9,9,5,5,9,70,52.90401425,78,45.13924051,5,4879.379736
1604,1, ,1,3,5,3,5,4,3,5,4,4,4,1,2,7,100,100,12,38,4,12820.07503
1605,4,1,1,4,7,3,4,4,7,6,10,10,10,5.957839262,5.811797753,8.184135977,100,100,31.20780142,61,3,23003.84659
1607,4, ,2,2,6,5,6,6,7,7,8,8,8,8,6,8,50,95,36,45.13924051,4,8743.952558
1608,5,1,1,4,7,3,3,5,5,5,8,7,8,6,6,10,25,52.90401425,60,45.13924051,2,2795.748168
1619,4, ,2,2,7,7,5,7,7,7,10,10,10,7,7,10,100,85,60,38,3,8959.244282
1622,5, ,1,3,7,4,5,4,6,5,8,8,8,8,8,8,100,5,48,31,3,4270.488636
1643,3,3,2,3,7,5,3,5,6,6,8,9,9,6,6,9,100,100,12,25,1,6496.118074
1644,2,3,1,3,7,4,4,4,6,5,9,8,8,7,7,10,75,50,60,23,2,5319.654345
1646,2,3,1,2,6,5,1,7,7,7,6,8,8,6,5,8,70,52.90401425,20,20,5,2697.244651
1647,4, , , ,5,1,4,2,7,7,8,8,8,6,6,8,80,52.90401425,31.20780142,45.13924051,3,3900.924515
1653,4, ,2,1,6,6,6,6,7,6,8,8,9,7,7,10,64.94316832,52.90401425,6,51,5,8846.313493
1654,3,1,2,2,6,3,2,2,4,4,6,7,7,5,4,8,9,29,12,34,4,4487.970291
1655,5,1,1,3,4,2,3,4,6,4,8,8,7,5,5,7,25,52.90401425,36,45.13924051,3,4104.893467
1659,5,3,1,3,7,3,6,4,7,7,7,7,8,6,6,9,64.94316832,52.90401425,6,33,2,3364.83408
1661,1,3,1,3,6,5,5,3,6,6,8,7,8,6,6,9,100,52.90401425,18,38,3,4124.514331
1662,2,3,2,3,7,7,6,5,7,7,10,10,10,7,7,10,20,50,24,36,4,14411.58626
1663,4,3,1,1,7,6,7,4,7,7,10,10,10,7,7,10,50,52.90401425,78,34,2,5348.167514
1675,4,1,2,2,7,5,6,4,6,5,7,6,6,1,3,7,15,52.90401425,24,55,4,6569.65778
1689,6,3,2,2,6,2,3,7,7,6,5,5,8,7,7,10,100,100,9,22,2,2556.592578
1690,3,1,2,3,7,2,5,3,7,7,10,10,10,7,7,10,100,52.90401425,31.20780142,35,2,4706.18227
1695,4,3,2,3,5,3,5,3,6,5,7,6,8,6,6,9,70,50,24,27,1,8823.258338
1710,1,1,1,4,7,3,2,4,7,7,10,8,8,4,4,7,64.94316832,52.90401425,32,45.13924051,4,6582.843963
1711,3,3,2,2,7,5,3,4,7,7,10,10,10,6,6,10,85,90,36,32,3,8479.177178
1714,4, ,2,2,7,6,6,4,7,7,10,10,9,7,7,10,100,100,60,31,2,18052.46394
1716,2,3,2,3,6,4,6,3,5,5,7,8,7,5,5,9,100,50,24,26,4,13158.12454
1718,2,3,1,3,3,1,1,4,2,3,4,8,5,5,5,8,90,52.90401425,36,33,4,3357.608578
1719,5,3,2,3,5,4,4,4,5,5,4,5,7,4,4,4,30,100,4,45.13924051,2,3642.742785
1727,5, ,1,2,6.191099476,5,4,5,6,7,9,10,10,6,6,9,100,100,37,20,2,4407.757743
1730,6,3,2,2,4,4,5,4,5,4,4,4,4,4,4,7,100,52.90401425,36,23,1,4356.53287
1738, ,3,2,1,2,2,3,4,5,5,8,9,7,7,5.811797753,8.184135977,100,100,36,23,1,7465.46824
1752,1, ,1,3,7,4,6,5,6,6,5,5,8,6,6,9,75,50,24,27,1,5061.512975
1757,4,2,1,4,7,4,4,4,7,7,8,8,10,6,6,9,1,52.90401425,78,73,4,2870.658893
1761,5,2,1,2,7,6,3,1,1,7,10,9,9,6,6,9,75,52.90401425,48,71,2,4047.131572
1762,1,2,2,4,5,3,2,4,5,5,7,7,9,8,8,8,15,75,60,71,2,18484.51348
1764,5,2,1,4,7,5,4,4,7,1,6,6,7,1,1,1,90,20,50,71,3,11126.26068
1769,5,2,2,2,7,5,4,4,6,6,9,9,10,7,7,10,10,40,20,69,2,13286.71285
1770,6,2,1,4,6,4,5,3,5,4,6,6,7,5.957839262,4,8.184135977,40,100,8,73,3,15595.08236
1772,5,2,2,3,6,4,4,3,7,7,8,7,8,6,6,9,5,50,36,66,1,3439.880102
1774,1,2,2,4,7,2,3,2,6,6,9,9,9,7,7,9,80,52.90401425,78,66,2,3632.741376
1776,3,3,1,2,6,4,5,4,7,5,7,6,8.355932203,3,4,6,100,100,22,22,3,3691.75484
1782,1,3,2,4,3,4,4,4,5,5,7,7,9,6,6,9,100,52.90401425,24,41,2,4343.002037
1783,4,2, ,3,4,4,5,3,7,4,7,7,7,2,2,6,100,52.90401425,36,45.13924051,3,5859.118531
1785,3,2,2,3,6,5,4,4,4,4,5,5,6,2,4,7,64.94316832,52.90401425,31.20780142,64,4,5131.323031
1787,5,2,2,2,7,6,2,5,7,7,8,8,9,7,7,8,100,52.90401425,48,63,2,6583.944945
1789,2,1,2,2,7,3,6,4,5,7,10,9,10,7,5.811797753,8.184135977,50,52.90401425,12,60,3,5065.3264
1791,3,2,2,4,7,1,1,1,7,7,10,10,10,7,7,10,100,100,36,59,2,9934.604919
1796,4,3,2,4,7,7,2,6,6,7,9,9,10,6,6,9,10,100,6,58,2,14495.39532
1797,1,1,2,2,7,7,7,2,7,7,10,10,10,7,7,10,10,52.90401425,31.20780142,45.13924051,1,3139.606504
1798,4,1,2,3,7,5,4,4,7,5,8,8,9,6,6,9,30,52.90401425,48,45.13924051,3,3227.948985
1800,5,2,2,4,7,4,1,1,7,7,10,10,10,7,7,10,5,100,31.20780142,75,3,3019.11001
1802,6,2,2,2,7,4,4,4,7,7,10,10,10,7,7,10,100,52.90401425,31.20780142,54,1,3013.835617
1803,1,1,2,4,7,4,5,4,6,6,8,8,8,6,6,8,50,25,24,58,3,6967.906762
1808,5,2,2,2,6,6,4,6,5,6,8,8,8,6,6,8,80,100,36,58,4,13276.06125
1810,5,2,1,4,5,4,4,4,4,6,8,8,9,7,6,9,75,52.90401425,24,66,3,4191.10745
1814,5,2,1,3,7,2,4,3,7,7,10,8,8,8,8,8,16,52.90401425,31.20780142,45.13924051,3,3969.027182
1822,3,3,2,3,6,4,5,2,7,6,8,8,9,7,7,9,100,52.90401425,24,54,1,3471.303692
1827,2,1,2,4,6,5,2,3,6,6,8,8,9,7,7,10,10,52.90401425,48,45.13924051,3,5232.947105
1828,3,3,2,4,5,4,5,4,6,6,7,7,8,7,7,10,100,75,31.20780142,54,2,9807.11526
1833,4,1,1,4,5,3,3,4,4,4,8,8,8,4,3,6,40,50,24,54,5,13077.67358
1835,1,2,2,2,6,4,4,4,6,5,8,8,9,7,5.811797753,8.184135977,100,52.90401425,24,53,2,3242.836613
1836,1,1,1,3,7,5,4,5,7,7,9,8,9,4,4,8,100,50,36,45.13924051,4,8952.377201
1844,6,3,2,3,7,5,4,5,6,6,7,5,6,4,3,6,70,80,78,56,3,23836.67624
1854,5,3,1,2,6,4,5,5,6,6,7,7,7,2,2,6,10,70,36,53,4,12563.61074
1859,1,1,2,3,7,2,3,5,7,6,8,8,8,7,7,9,60,100,24,49,5,3774.454052
1863,2,1,1,4,7,4,6,4,5,4,8,7,8,6,6,8,80,50,26,45.13924051,4,15410.5399
1870,4, ,1,4,6,4,3,4,6,5,8,8,8,6,6,8,80,50,36,51,2,8842.734059
1875,1,3,2,3,7,4,4,5,7,7,7,10,10,7,7,10,100,80,78,48,5,23000.46408
1879,6,3,1,2,6,2,3,2,4,4,6,4,7,5,3,8.184135977,80,52.90401425,6,46,2,5225.008675
1884,6,1,2,4,7,5,3,4,7,6,10,10,9,6,6,9,100,52.90401425,60,47,3,6593.475239
1889,1,1,2,3,7,4,1,4,4,5,5,6,7,4,3,5,100,52.90401425,6,45.13924051,4,6665.460475
1894,2,3,1,4,4,3,3,4,6,5,7,7,7,1,1,7,5,52.90401425,24,47,3,4134.772176
1904,4,3,2,3,7,7,3,7,7,7,8,8,7,5,5,7,50,30,96,46,5,21038.92463
1907,1,1,2,2,7,7,5,7,7,7,9,9,9,7,7,10,50,30,36,43,4,3992.832284
1909,3,3,1,3,7,4,4,4,2,6,8,10,10,5,6,10,100,100,26,25,1,3745.555642
1914,4,2,2,1,6,4,4,5,6,6,8,9,9,6,6,9,25,50,78,44,4,8668.612182
1917,4, ,2,1,6,4,2,4,6,6,9,8,8,9,9,9,90,52.90401425,24,41,3,6566.990129
1924,1,3,2,4,6,3,3,4,6,5,7,5,8,6,6,9,20,100,31.20780142,43,4,9650.750707
1927,4,3,2,3,7,3,5,5,7,7,10,10,10,7,5.811797753,8.184135977,100,80,8,36,4,2431.972279
1933,4, ,2,2,5,2,1,4,5,6,5,4,7,7,7,10,80,25,30,40,5,6417.311741
1938,4,3,2,4,6,4,3,4,5,4,7,5,7,2,2,4,70,52.90401425,31.20780142,41,3,2795.748168
1939,1,1,1,4,7,6,6,4,7,7,9,9,10,7,7,10,100,100,31.20780142,64,3,12067.55226
1945,2,3,1,3,7,2,1,7,5,6,9,9,9,6,6,9,50,75,24,26,2,8433.53489
1962,5,1,2,4,7,5,6,4,7,6,9,10,10,7,7,8.184135977,100,25,12,35,2,4733.820918
1970,5,2,1,5,6,5,5,3,5,5,6,7,7,4,5,7,100,100,6,55,4,19488.80809
1976,5,1,2,4,7,6,7,3,7,7,9,8,8,6,6,8,7,2,24,61,4,11458.34869
1980,5, ,1,3,6,3,3,5,6,6,8,8,8,8,8,2,30,52.90401425,16,35,3,4516.854349
1996,5,1,2,4,4,1,1,5,7,6,7,6,7,6,6,8,85,52.90401425,13,26,3,4194.470565
1999,5,3,2,3,6,3,4,5,6,6,8,8,8,5,5,9,90,20,48,29,5,7634.246283
2003,5,2,1,3,7,7,7,7,7,7,10,10,10,7,7,10,50,50,36,59,5,23721.70462
2008,4,3,2,4,7,4,4,3,7,7,9,9,10,7,5.811797753,8.184135977,90,52.90401425,48,33,2,3408.41031
2010,6,3,2,3,6,4,7,6,7,7,9,10,10,9,9,10,100,52.90401425,1,22,1,5212.259534
2019,2,3,2,4,7,4,3,7,5,5.952941176,9,9,9,5,5,7,75,75,60,30,3,7082.480392
2021,5,1,2,4,7,4,6,4,6,5,6,6,8,8,8,2,80,52.90401425,24,31,4,7901.558316
2028,4, ,2,2,2,5,3,5,5,6,10,8,8,5,5,9,100,100,24,23,2,4219.10039
2033,1,3,1,2,7,5,3,6,7,7,8,8,9,6,6,9,90,30,13,45.13924051,4,14092.95476
2034,2,3,1,2,5,2,3,4,4,5,6,6,7,8,8,8,64.94316832,100,31.20780142,50,2,6440.461435
2037,2,1,2,4,7,5,4,7,7,7,9,8,10,7,7,10,100,10,24,45.13924051,4,8255.038327
2038,4,3,2,2,7,5,7,6,7,7,10,10,10,7,7,10,100,25,24,27,2,5409.488961
2045,3,1,1,3,7,5,2,6,6,6,8,9,9,6,6,9,100,52.90401425,12,23,1,3691.043343
2046,4,3,2,3,7,4,5,5,7,6,6,8,8,4,6,6,50,90,6,28,3,5638.960763
2048,3,1,2,3,7,5,5,4,7,6,9,8,10,7,7,10,10,52.90401425,100,45.13924051,1,4567.752612
2049,1,3,1,2,6,3,3,3,6,5,5,7,9,6,6,8,20,10,18,24,2,3363.468121
2055,2,1,2,3,7,7,7,6,7,7,8,9,10,7,7,10,90,52.90401425,60,46,3,7611.966466
2059,4,1,2,2,7,2,4,5,6.070773263,7,10,10,10,7,7,10,100,52.90401425,36,27,4,5400.416161
2068,3,3,2,2,5,4,3,4,5,5,7,8,10,9,9,2,90,50,12,35,3,5372.610674
2069,1,3,1,4,7,6,4,4,7,6,10,10,10,7,5.811797753,8.184135977,100,50,48,44,3,8838.868627
2071,1,2,1,2,7,5,5,4,6,6,7,8,8,6,8,10,64.94316832,24,31.20780142,69,1,6661.418064
2082,2,3,2,4,7,7,1,4,7,7,7,5,7,3,3,5,10,52.90401425,24,66,3,3904.962395
2083,4,2,2,2,7,6,7,6,7,7,10,10,10,7,7,10,64.94316832,5,48,67,3,3060.698554
2084,5,2,2,2,6,4,4,6,6,7,7,7,8,7,7,9,100,52.90401425,8.5,66,1,5224.357424
2085,3,2,1,4,7,1,1,4,7,7,8,8,9,6,6,8.184135977,10,52.90401425,36,64,5,6008.397538
2090,5,2,2,4,7,5,5,5,1,7,9,9,10,7,7,10,80,52.90401425,36,56,4,7877.926777
2091,5,3,1,2,6,4,4,4,5,4,8,7,8,8,8,1,64.94316832,52.90401425,3,59,2,3631.610757
2095,6,2,2,3,7,4,7,4,7,7,10,10,10,7,7,10,100,52.90401425,78,61,3,2795.748168
2099,3,2,2,2,6,4,2,6,6,7,9,9,9,7,7,10,75,50,31.20780142,60,3,15037.36968
2106,1,2,2,3,7,7,1,6,7,7,10,10,10,7,7,10,100,52.90401425,78,45.13924051,1,2952.959533
2109,3,3,1,4,6,4,4,5,7,7,8,8,8,5,4,8,80,90,36,61,4,18104.27905
2110,2,3,2,2,7,7,7,4,7,7,10,10,10,7,7,10,80,80,78,56,2,3991.735277
2113,5,1,2,4,7,5,4,2,7,7,9,9,9,7,7,1,80,52.90401425,26,58,3,6083.889337
2117,5,3,2,1,7,5,5,5,6,6,9,9,9,6,6,9,20,10,24,57,6,8647.885403
2119,3,2,1,3,5,2,3,5,6,5,6,6,7,4,4,7,10,52.90401425,15,45.13924051,3,4556.844901
2120,4,3,2,2,6.191099476,4.061118336,4.092447917,4.376470588,6.070773263,5.952941176,7.908496732,7.980443286,8.355932203,5.957839262,5.811797753,8.184135977,90,52.90401425,30,57,4,5002.572507
2126,4, ,2,3,7,6,6,5,7,5,7,7,9,5,5,7,12,12.6,36,56,3,9703.639474
2128,1,3,1,4,7,6,4,2,6,6,8,9,9,6,6,9,40,52.90401425,78,45.13924051,4,3489.201535
2129,2,2,1,4,5,5,4,5,7,6,8,9,9,6,5,8,10,5,40,54,4,4862.355
2136,6,2,2,2,7,7,7,7,7,7,10,10,10,7,7,10,100,75,24,52,4,10787.82712
2138,6,1,2,4,7,4,4,5,6,6,7,7,9,6,6,9,70,100,24,50,4,7483.249583
2142,1,1,1,3,7,5,5,5,6,6,9,10,9,6,6,9,50,52.90401425,24,45.13924051,5,7608.137112
2144,6,2,2,4,6,4,3,7,7,6,8,8,8,5,5,8,90,10,36,52,5,19053.53996
2153,1, ,1,3,4,2,2,4,7,5,8,8,8,8,8,8,1,52.90401425,12,53,3,4624.374976
2156,2,1,2,4,7,7,7,6,7,7,8,8,8,6,6,8,100,100,12,55,3,17226.52723
2158,5,2,1,4,7,5,4,5,7,6,8,9,9,6,6,9,100,52.90401425,24,52,2,4138.486761
2160,3,1,2,4,7,2,2,4,4,6,6,7,8,8,8,3,2,52.90401425,18,50,5,6870.496306
2162,2,3,1,3,6,5,4,4,6,6,8,8,8,6,6,9,10,50,48,52,4,8775.883937
2165,1,1,1,3,7,4,5,3,7,7,9,8,8,6,6,9,90,30,36,50,4,7945.922366
2168,1, ,2,2,6,5,4,4,6,6,8,8,8,6,6,9,10,52.90401425,8,53,4,5643.834637
2170,2,3,1,4,3,2,6,6,7,5,7,8,7,3,3,7,30,52.90401425,8,37,4,5551.929823
2173,4,1,1,2,7,5,5,4,6,6,4,7,7,6,6,7,10,10,24,45.13924051,2,4232.169135
2175,1,1,1,3,7,4,4,5,7,7,10,10,10,6,6,9,1,60,24,51,3,21502.39225
2176,2,3,2,3,7,6,6,5,7,7,10,8,10,7,7,10,10,75,12,51,4,7292.901667
2187,3,3,2,3,5,4,3,4,7,6,8,7,7,5,4,6,40,50,60,49,3,10715.74552
2191,4, ,2,2,7,6,4,4,7,7,10,10,10,7,6,9,99,99,60,48,3,13587.82773
2194,1,1,2,4,6,2,3,5,7,7,9,9,9,7,5.811797753,8.184135977,100,52.90401425,36,49,2,7151.801173
2195,4,1,2,2,7,6,2,5,6,6,10,9,10,9,9,9,90,100,36,49,3,4542.457658
2207,4,3,2,2,7,7,6,7,7,7,8,8,9,7,7,10,100,75,12,47,4,21611.24682
2212,4,3,2,1,7,4,4,5,7,6,10,10,10,7,6,10,100,52.90401425,24,35,2,3966.333098
2213,4,2,1,4,6,3,3,4,6,6,7,6,8,3,2,6,10,100,78,45.13924051,2,12595.5675
2216,1,3,2,2,7,1,1,4,2,1,5,6,6,6,5.811797753,9,5,1,12,31,3,6442.997232
2218,1,3,1,3,7,5,6,4,5,6,9,8,9,6,6,8,80,52.90401425,28,44,1,3791.935203
2220,1,3,2,3,6,2,3,5,4,5,5,5,7,4,3,7,100,50,24,45.13924051,2,3242.836613
2221,5,3,1,3,7,1,2,4,6,6,6,7,7,5,6,8,50,25,30,30,3,5753.144511
2225,4,3,2,3,7,4,5,5,5,4,7,8,9,7,7,9,90,90,12,41,5,3022.503358
2227,4,3,2,4,5,3,3,4,5,5,8,8,8,5,5,7,45,52.90401425,3,31,3,3425.034713
2229,3,1,2,2,6,4,4,4,7,7,10,10,10,7,5.811797753,8.184135977,80,1,12,39,3,6732.659309
2245,3, ,2,3,7,3,3,4,6,7,7,8,9,7,7,10,100,52.90401425,24,33,2,6181.716747
2247,1,2,2,3,7,3,3,2,1,7,10,9,10,7,7,10,1,100,31.20780142,42,1,4899.56175
2250,4,3,2,2,7,5,4,7,4,6,8,8,8,5,6,8,100,52.90401425,12,27,2,4157.467672
2256,3,1,2,3,7,5,6,3,6,6,10,10,10,7,7,10,100,52.90401425,12,33,2,4955.556886
2257,2,3,2,3,6,3,2,4,6,6,6,6,6,2,2,6,64.94316832,25,31.20780142,27,2,4153.118545
2260,2, ,1,2,6,4,7,6,7,7,8,8,9,6,6,8,10,25,6,37,3,8876.097187
2266,4,1,2,3,5,5,4,4,6,4,5,5,6,1,1,7,25,52.90401425,40,45.13924051,2,4383.311344
2270,1,1,2,3,7,6,6,6,7,7,10,10,10,7,7,10,100,33,24,40,3,4344.941514
2274,4,3,1,1,7,4,4,5,6,6,8,8,8,6,6,8,70,50,3.5,34,4,5133.313626
2275,4,3,2,4,7,2,3,4,7,7,7,8,8,3,3,5,0.5,52.90401425,24,45.13924051,2,2795.748168
2276,4,3,2,2,7,3,2,4,7,5,8,8,8,7,7,8,64.94316832,52.90401425,5,45.13924051,3,3037.412601
2278,2,3,1,3,7,5,6,4,7,7,9,9,9,6,6,9,95,30,24,33,4,6896.145109
2287,4,3, ,3,6,3,4,4,6,6,8,8,8,8,8,8,100,52.90401425,78,47.5,3,9187.507253
2292,2,2,2,3,6,6,5,4.376470588,6,6,7,8,9,7,7,10,50,25,8,62,4,7014.193996
2293,5,3,2,2,7,4,4,6,7,7,10,10,10,7,7,10,100,52.90401425,12,36,1,5483.996227
2297, , ,2,3,4,1,4,3,6,6,8,9,9,6,6,2,1,52.90401425,18,23,1,3425.034713
2303,2,3,1,4,6.191099476,7,7,7,7,7,10,10,10,7,7,10,100,25,8,45.13924051,4,8894.080451
2305,5,1,2,3,7,6,3,5,7,7,8,9,9,8,6,9,100,52.90401425,24,65,4,4143.877278
2307,3,1,2,4,7,2,5,4,7,7,10,10,9,7,7,10,100,5,48,56,4,4523.216362
2311,4,1,2,4,5,3,4,2,6,6,7,6,7,1,1,7,100,10,78,49,2,2795.748168
2312,5,1,1,4,7,5,6,6,6,6,7,8,9,7,6,8,100,52.90401425,24,42,3,3376.362536
2314,1,2,1,3,1,7,4,1,1,7,9,9,2,6,9,9,64.94316832,52.90401425,3,64,3,5236.166587
2323,1,1,1,3,6,4,4,4,6,6,8,8,8,8,8,2,100,52.90401425,48,39,5,6170.212641
2324, ,3,1,3,7,7,7,3,7,7,10,10,10,7,7,10,0.3,0.1,48,31,4,6138.190713
2329,3,3,1,3,7,1,4,4,7,7,10,8,10,5,6,7,50,15,24,48,4,3415.917246
2333,4,3,1,2,7,5,4,5,5,6,8,8,8,6,6,8,100,40,36,35,5,13341.4485
2341,3,1,2,4,7,3,7,6,6,5,8,8,8,7,7,10,50,50,24,44,4,12159.05035
2343,3,1,2,3,7,6,3,5,7,7,9,10,9,6,6,9,100,52.90401425,12,44,5,5218.766689
2347,4,3,1,2,7,3,4,4,6,6,7,8,9,6,6,9,100,20,48,32,2,3256.669279
2348,3,2,2,3,7,4,5,6,7,7,8,9,9,6,6,9,80,80,15.5,54,5,2887.873673
2350,5,1,2,3,7,4,6,4,7,7,9,10,10,7,7,10,80,20,24,45.13924051,2,7237.257812
2352,1,1,2,4,7,5,6,4,6,5,9,9,10,7,7,10,75,52.90401425,76,45.13924051,3,3736.918024
2353,1, ,2,1,1,1,3,1,7,1,3,3,3,5.957839262,5.811797753,8.184135977,64.94316832,52.90401425,8,45.13924051,4,3745.164481
2354,1,1,1,4,7,6,4,3,7,4,8,8,8,7,7,10,80,100,24,50,3,8377.581523
2360,5,3,2,4,4,4,4,3,4,6,10,8,9,7,7,10,100,52.90401425,48,41,4,4418.103741
2361,1,2,1,4,7,4,4,5,7,6,8,9,10,7,7,9,10,10,60,65,2,4290.583692
2362,5,2,1,3,6,6,3,5,6,7,9,9,10,7,7,10,100,52.90401425,36,65,2,5054.727282
2363,3,3,1,3,7,2,4,7,7,7,6,8,9,7,7,10,50,52.90401425,18,40,2,9297.551226
2377,1,1,1,4,7,5,7,4,7,7,10,9,9,7,6,9,1,100,36,45.13924051,3,10112.3597
2385,2,3,1,3,5,4,1,5,6,5,7,8,8,1,5,8,20,15,8,45,2,3846.019679
2402,1,3,2,2,7,6,5,5,7,7,8,7,9,7,5,10,75,50,24,48,3,7713.934387
2404,1,2,2,3,7,7,5,4,7,7,10,10,10,7,5.811797753,8.184135977,100,100,30,68,2,9892.706391
2406,5,3,1,3,2,2,2,4,6,3,6,6,6,3,2,6,10,52.90401425,36,56,3,4127.349603
2407,1,2,1,3,5,4,3,5,6,4,7,5,7,6,4,8,5,100,36,58,5,16379.6492
2415,2,1,1,4,7,5,4,5,7,7,10,10,10,7,7,10,15,30,65,68,4,17335.43722
2418,5,1,1,3,7,6,5,3,7,7,7,7,8,6,7,8,50,52.90401425,12,55,3,3108.364185
2423,4,3,1,3,6,2,5,4,6,6,7,5,7,5,4,7,90,10,36,26,2,2329.662905
2426,5,1,2,3,7,5,1,6,7,7,5,7,8,1,1,8,1,52.90401425,12,45.13924051,6,3471.303692
2427,1,3,1,2,7,1,4,1,7,7,10,10,10,7,7,10,100,100,31.20780142,40,3,10756.50461
2429,1,3,2,1,7,7,7,5,7,7,10,10,10,7,5.811797753,8.184135977,50,52.90401425,42,62,3,4312.734704
2432,2,3,2,2,6,4,4,4,5,6,9,9,9,4,4,9,64.94316832,52.90401425,12,34,1,5847.812947
2435,1,1,2,3,6,4,4,6,1,7,7,7,9,6,6,9,10,15,12,45.13924051,4,9557.509496
2436,3,1,2,2,7,6,5,2,2,7,9,8,8,6,6,9,50,25,24,45.13924051,2,8407.33722
2438,4,1,1,2,7,4,4,4,7,6,8,9,9,7,7,9,10,100,78,45.13924051,3,12311.71988
2440,1,3,2,3,4,2,1,4,4,2,5,5,5,3,1,6,100,25,16,43,1,3270.788913
2443,1,2,2,3,7,4,7,4,6,6,8,8,9,8,8,2,1,30,36,56,3,3815.271034
2455,5,2,2,3,7,4,5,2,6,6,10,9,9,7,7,10,10,52.90401425,12,59,4,7141.801096
2464,3,3,2,2,7,4,5,5,7,7,8,9,9,7,7,10,100,90,60,45.13924051,5,4730.785901
2474,5,2,1,3,6,4,2,4,6,6,8,8,8,6,6,9,80,52.90401425,24,62,5,4609.110387
2476,5,1,2,3,7,4,4,1,7,7,9,10,9,5,5,10,77.5,75,24,25,3,6970.193437
2484,6,1,1,4,6,6,5,6,6,6,8,8,8,6,6,8,90,80,24,49,4,13996.42183
2488,3,3,1,4,6,6,3,5,7,6,9,9,9,5.957839262,8,8.184135977,50,100,12,57,3,4171.76294
2489,5,3,1,4,7,1,1,4,7,7,9,9,9,6,6,9,1,52.90401425,36,57,2,2795.748168
2500,4,3,2,2,7,7,6,6,7,7,9,9,10,7,7,8.184135977,75,90,18,49,1,20671.06638
2503,1, ,1,3,7,5,4,4,6,7,10,8,9,7,6,9,75,1,24,49,3,2476.320176
2514,5, ,2,2,7,2,6,5,7,7,10,10,10,7,7,10,75,10,12,45.13924051,3,2795.748168
2516,4,3,2,2,7,5,4,4,7,5.952941176,7,7,9,7,7,10,64.94316832,75,31.20780142,53,3,6306.20576
2518,1, ,1,1,6,4,5,4,6,5,8,8,8,4,4,8,50,10,36,39,2,5749.93149
2522,1,2,2,5,6,4,2,4,5,4,6,6,6,3,3,5,100,52.90401425,24,45.13924051,2,4151.400139
2527,2,1,2,3,7,5,5,6,7,6,10,9,9,6,5,1,80,30,24,45,5,6439.098362
2529,2,3,2,2,5,4,4,5,6,5,7,7,7,2,5,6,100,50,60,45.13924051,2,5013.519441
2530,1,2,1,2,6,1,3,4,5,6,9,6,8,6,5,4,64.94316832,100,31.20780142,40,2,3208.866235
2533,1,1,2,4,7,5,3,4,6,7,8,8,8,6,6,8,90,52.90401425,36,45.13924051,3,7840.175672
2544,2,1,1,4,7,5,5,4,7,7,10,10,10,5.957839262,5.811797753,8.184135977,100,1,12,45.13924051,4,11622.85911
2545,4,3,1,3,7,6,7,4,7,7,9,9,10,7,7,10,100,100,36,59,2,3059.583551
2547,5,1,1,3,6,2,6,4,6,4,10,10,8,7,7,10,10,30,24,45.13924051,3,7201.892979
2549,2,3,2,2,6,3,2,4,6.070773263,5.952941176,9,7,7,6,3,8,100,52.90401425,18,56,1,5684.138107
2564,2,2,1,2,7,4,4,4,7,7,10,10,10,7,5.811797753,8.184135977,75,52.90401425,7,65,2,4068.426329
2567,4,3,2,3,4,3,4,4,6,6,5,5,8,5,5,8,10,52.90401425,72,31,5,2934.799459
2568,5,1,1,4,6,4,3,4,3,6,8,8,8,5,5,8,90,10,31.20780142,45.13924051,4,6499.625949
2570,5,1,2,4,6,4,3,4,6,6,8,9,9,7,7,9,80,52.90401425,12,48,2,3905.826473
2576,1,2,1,4,7,3,4,5,5,6,10,9,9,9,1,9,10,99,60,45.13924051,3,15728.40004
2587,4,1,1,3,7,4,4,4,7,7,10,10,10,2,5,9,100,2,31.20780142,45.13924051,2,4263.773483
2589,5,1,2,4,7,5,5,3,6,6,7,7,7,6,6,8,64.94316832,52.90401425,15,44,4,3750.416685
2592,3,2,2,4,7,7,7,1,7,7,7,9,10,7,7,10,100,100,18,67,2,16921.30307
2612,2, ,1,3,5,7,3,6,7,7,9,9,9,6,6,9,100,15,18,54,2,13693.95843
2617,4, ,1,3,7,7,7,6,7,7,8,8,8,6,6,9,100,6,120,47,4,5300.16503
2621,3,3,2,3,7,6,6,7,7,7,9,9,10,7,7,10,95,5,36,42,4,6926.765287
2624,4,1,2,4,7,7,6,3,7,7,10,10,10,7,7,10,100,2,5,53,4,3015.004846
2625,4, ,1,2,7,7,7,7,7,7,10,10,10,7,5.811797753,8.184135977,100,100,36,45.13924051,4,4978.517338
2629,4,3,2,2,7,3,3,3,7,7,5,5,7,6,6,8,64.94316832,52.90401425,31.20780142,30,3,4946.164546
2636,6,1,1,5,6,7,2,6,7,7,7.908496732,10,10,7,7,9,50,52.90401425,6,56,5,6999.973491
2638,3,2,2,4,7,5,3,5,7,7,10,10,10,5,5,9,5,100,12,69,2,12185.41982
2640,4, ,2,2,7,7,6,6,7,7,8,9,10,7,7,10,10,90,60,48,4,21652.07899
2643,4,3,1,3,7,4,5,6,6,7,7.908496732,7.980443286,8.355932203,5,5,8,80,12,10,40,3,7046.809977
2644,5,3,1,2,6,5,4,4,5,5,7,7,8,7,7,10,50,20,12,33,4,7690.774071
2645,2,3,2,3,7,5,5,7,7,7,10,10,10,7,7,10,5,52.90401425,24,40,4,4049.459147
2646,5,3,2,3,6,4,4,4,6,6,8,8,8,8,8,2,100,52.90401425,24,39,2,4274.153647
2647,4,3,2,4,6,2,5,3,7,6,5,5,7,5,5,8,95,5,24,38,4,6915.027347
2649,5,3,1,2,5,2,4,5,5,4,5,6,7,5.957839262,5.811797753,5,80,100,72,26,2,7248.542594
2651,5,3,2, ,7,4,1,4,4,4,4,4,6,3,3,5,90,52.90401425,24,47,4,8108.785078
2653,3,1,2,4,7,7,7,4,7,7,9,9,9,7,7,10,10,52.90401425,6,58,3,5795.441597
2654,1,3,1,2,5,3,1,5,5,5,5,5,7,5,5,7,50,52.90401425,5,23,4,5227.152144
2658,6,3,2,3,5,3,4,4,6,6,7,8,8,5,5,8,64.94316832,52.90401425,48,23,2,2569.187749
2675,5,3,2,2,2,1,3,5,2,2,4,5,5,3,3,5,64.94316832,52.90401425,31.20780142,34,1,10425.42561
2676,2,1,1,4,7,4,2,5,7,7,10,10,10,7,7,10,100,52.90401425,12,55,2,11722.08655
2679,4,3,1,3,4,1,1,3,6,4,5,5,7,8,8,8,30,52.90401425,12,34,3,3579.089251
2685,4, ,1,4,2,1,2,3,7,6,7,7,8,7,7,10,20,52.90401425,48,31,2,4906.18226
2687,1,3,2,2,6,3,3,2,5,6,8,9,8,8,1,6,100,52.90401425,12,20,2,4810.297397
2698, ,3,2,3,7,4,1,5,7,7,9,9,9,6,6,9,100,52.90401425,6,25,2,4198.395272
2703,3,3,1,1,5,4,3,4,5,5,7,8,10,9,9,2,90,50,12,14,3,2236.94355
2705,1,3,2,2,7,5,2,7,7,7,10,8,10,7,7,10,2,2,24,42,3,13286.35284
2706,4, ,2,2,7,6,4,5,7,5,8,8,8,5,5,8,100,75,12,28,2,3914.865997
2711,2,3,2,1,7,6,5,3,7,7,9,9,10,7,5.811797753,8.184135977,75,50,31.20780142,34,5,5486.394461
2728,4, ,2,3,7,6,6,7,7,7,10,10,10,7,7,10,10,50,1,43,3,2884.090649
2730,5,3,2,3,7,1,5,4,6,6,8,9,9,6,6,8,40,52.90401425,31.20780142,31,3,6144.581815
2736,5,3,2,3,7,6,7,4,7,6,9,7,8,6,6,8,100,52.90401425,24,27,3,4375.628662
